{"prefix": {"roocs": "urn:roocs:", "provone": "https://purl.dataone.org/provone/2015/01/15/ontology#", "dcterms": "http://purl.org/dc/terms/"}, "agent": {"roocs:C3S_CDS": {"prov:type": {"$": "prov:Organization", "type": "prov:QUALIFIED_NAME"}, "prov:label": "Copernicus Climate Data Store", "dcterms:source": "https://cds.climate.copernicus.eu"}, "roocs:Provider": {"prov:type": {"$": "prov:Agent", "type": "prov:QUALIFIED_NAME"}, "prov:label": "Provider", "dcterms:source": "Rook"}, "roocs:rook_v0.17.2": {"prov:type": {"$": "prov:SoftwareAgent", "type": "prov:QUALIFIED_NAME"}, "prov:label": "Rook", "dcterms:source": "https://github.com/roocs/rook/releases/tag/v0.17.2"}, "roocs:clisops_v0.16.1": {"prov:type": {"$": "prov:SoftwareAgent", "type": "prov:QUALIFIED_NAME"}, "prov:label": "clisops", "dcterms:source": "https://github.com/roocs/clisops/releases/tag/v0.16.1"}}, "wasAttributedTo": {"_:id1": {"prov:entity": "roocs:rook_v0.17.2", "prov:agent": "roocs:C3S_CDS"}, "_:id2": {"prov:entity": "roocs:rook_v0.17.2", "prov:agent": "roocs:Provider"}}, "entity": {"roocs:workflow_7d9dc6db-4930-4963-8e04-04d837f231b5": {"prov:type": {"$": "provone:Workflow", "type": "prov:QUALIFIED_NAME"}}, "roocs:c3s-cmip6.CMIP.NOAA-GFDL.GFDL-ESM4.historical.r1i1p1f1.Amon.tas.gr1.v20190726": {"prov:type": {"$": "provone:Data", "type": "prov:QUALIFIED_NAME"}, "prov:label": "c3s-cmip6.CMIP.NOAA-GFDL.GFDL-ESM4.historical.r1i1p1f1.Amon.tas.gr1.v20190726"}, "roocs:tas_Amon_GFDL-ESM4_historical_r1i1p1f1_gr1_19900116-20141216.nc": {"prov:type": {"$": "provone:Data", "type": "prov:QUALIFIED_NAME"}, "prov:label": "tas_Amon_GFDL-ESM4_historical_r1i1p1f1_gr1_19900116-20141216.nc"}}, "activity": {"roocs:orchestrate_7d9dc6db-4930-4963-8e04-04d837f231b5": {"prov:type": {"$": "provone:Execution", "type": "prov:QUALIFIED_NAME"}, "prov:label": "orchestrate", "prov:startTime": "2026-02-23T19:09:35", "prov:endTime": "2026-02-23T19:09:38"}, "roocs:subset_tas_1_8e9b9770-23fa-4355-8a0c-ee3ea72534e8": {"prov:type": {"$": "provone:Execution", "type": "prov:QUALIFIED_NAME"}, "prov:label": "subset_tas_1", "roocs:time": "1990/2014", "roocs:time_components": "year:1990,1991,1992,1993,1994,1995,1996,1997,1998,1999,2000,2001,2002,2003,2004,2005,2006,2007,2008,2009,2010,2011,2012,2013,2014", "roocs:area": "-80,40,-71,45", "roocs:apply_fixes": false}}, "wasAssociatedWith": {"_:id3": {"prov:activity": "roocs:orchestrate_7d9dc6db-4930-4963-8e04-04d837f231b5", "prov:agent": "roocs:rook_v0.17.2", "prov:plan": "roocs:workflow_7d9dc6db-4930-4963-8e04-04d837f231b5"}, "_:id4": {"prov:activity": "roocs:subset_tas_1_8e9b9770-23fa-4355-8a0c-ee3ea72534e8", "prov:agent": "roocs:clisops_v0.16.1", "prov:plan": "roocs:workflow_7d9dc6db-4930-4963-8e04-04d837f231b5"}}, "wasDerivedFrom": {"_:id5": {"prov:generatedEntity": "roocs:tas_Amon_GFDL-ESM4_historical_r1i1p1f1_gr1_19900116-20141216.nc", "prov:usedEntity": "roocs:c3s-cmip6.CMIP.NOAA-GFDL.GFDL-ESM4.historical.r1i1p1f1.Amon.tas.gr1.v20190726", "prov:activity": "roocs:subset_tas_1_8e9b9770-23fa-4355-8a0c-ee3ea72534e8"}}}